pid,dot,dob,gender,primary_lang,is_bilingual,location,experimenter,stim_set,has_video,highest_count,knower_level,trial,set_chosen,count,correction_after_prompt,first_set_chosen,exclude,notes
IS-EJ-5,03/20/2023,08/10/2020,F,English,N,Inner Smile,Khuyen,5,Y,9,2,1,NA,9,10,,,
IS-EJ-5,03/20/2023,08/10/2020,F,English,N,Inner Smile,Khuyen,5,Y,9,2,2,NA,8,,,,
IS-EJ-5,03/20/2023,08/10/2020,F,English,N,Inner Smile,Khuyen,5,Y,9,2,3,NA,8,,,,
IS-EJ-5,03/20/2023,08/10/2020,F,English,N,Inner Smile,Khuyen,5,Y,9,2,4,NA,7,9,,,
IS-EJ-5,03/20/2023,08/10/2020,F,English,N,Inner Smile,Khuyen,5,Y,9,2,5,NA,9,,,,
IS-EJ-5,03/20/2023,08/10/2020,F,English,N,Inner Smile,Khuyen,5,Y,9,2,6,NA,8,,,,
ACO-KB-13,03/21/2023,07/14/2019,M,English,N,Adventure Courtenay,Khuyen,3,Y,11,CP,1,NA,4,,,,
ACO-KB-13,03/21/2023,07/14/2019,M,English,N,Adventure Courtenay,Khuyen,3,Y,11,CP,2,lion,3,,,,
ACO-KB-13,03/21/2023,07/14/2019,M,English,N,Adventure Courtenay,Khuyen,3,Y,11,CP,3,lion,7,,,,
ACO-KB-13,03/21/2023,07/14/2019,M,English,N,Adventure Courtenay,Khuyen,3,Y,11,CP,4,bunny,8,,,,
ACO-KB-13,03/21/2023,07/14/2019,M,English,N,Adventure Courtenay,Khuyen,3,Y,11,CP,5,lion,1,,,,
ACO-KB-13,03/21/2023,07/14/2019,M,English,N,Adventure Courtenay,Khuyen,3,Y,11,CP,6,bunny,6,,,,
ACO-CW-3,03/21/2023,06/23/2018,M,English,N,Adventure Courtenay,Khuyen,4,Y,10,CP,1,bunny,5,,,,
ACO-CW-3,03/21/2023,06/23/2018,M,English,N,Adventure Courtenay,Khuyen,4,Y,10,CP,2,lion,7,,,,
ACO-CW-3,03/21/2023,06/23/2018,M,English,N,Adventure Courtenay,Khuyen,4,Y,10,CP,3,lion,2,,,,
ACO-CW-3,03/21/2023,06/23/2018,M,English,N,Adventure Courtenay,Khuyen,4,Y,10,CP,4,bunny,7,,,,
ACO-CW-3,03/21/2023,06/23/2018,M,English,N,Adventure Courtenay,Khuyen,4,Y,10,CP,5,lion,2,,,,
ACO-CW-3,03/21/2023,06/23/2018,M,English,N,Adventure Courtenay,Khuyen,4,Y,10,CP,6,bunny,3,,,,
ACO-SW-4,03/21/2023,09/22/2018,F,English,N,Adventure Courtenay,Khuyen,1,N,14,CP,1,lion,4,1,,,
ACO-SW-4,03/21/2023,09/22/2018,F,English,N,Adventure Courtenay,Khuyen,1,N,14,CP,2,NA,10,,,,
ACO-SW-4,03/21/2023,09/22/2018,F,English,N,Adventure Courtenay,Khuyen,1,N,14,CP,3,NA,10,,,,
ACO-SW-4,03/21/2023,09/22/2018,F,English,N,Adventure Courtenay,Khuyen,1,N,14,CP,4,NA,2,,,,
ACO-SW-4,03/21/2023,09/22/2018,F,English,N,Adventure Courtenay,Khuyen,1,N,14,CP,5,NA,2,,,,
ACO-SW-4,03/21/2023,09/22/2018,F,English,N,Adventure Courtenay,Khuyen,1,N,14,CP,6,bunny,9,,,,
ACO-LS-2,03/21/2023,05/16/2018,F,English,N,Adventure Courtenay,Khuyen,6,Y,12,CP,1,lion,5,,,,
ACO-LS-2,03/21/2023,05/16/2018,F,English,N,Adventure Courtenay,Khuyen,6,Y,12,CP,2,lion,2,,,,
ACO-LS-2,03/21/2023,05/16/2018,F,English,N,Adventure Courtenay,Khuyen,6,Y,12,CP,3,bunny,3,,,,
ACO-LS-2,03/21/2023,05/16/2018,F,English,N,Adventure Courtenay,Khuyen,6,Y,12,CP,4,bunny,6,,,,
ACO-LS-2,03/21/2023,05/16/2018,F,English,N,Adventure Courtenay,Khuyen,6,Y,12,CP,5,lion,2,,,,
ACO-LS-2,03/21/2023,05/16/2018,F,English,N,Adventure Courtenay,Khuyen,6,Y,12,CP,6,bunny,6,,,,
ACO-TE-10,03/21/2023,05/22/2018,M,English,N,Adventure Courtenay,Khuyen,3,Y,12,CP,1,lion,3,,,,
ACO-TE-10,03/21/2023,05/22/2018,M,English,N,Adventure Courtenay,Khuyen,3,Y,12,CP,2,bunny,1,,,,
ACO-TE-10,03/21/2023,05/22/2018,M,English,N,Adventure Courtenay,Khuyen,3,Y,12,CP,3,lion,7,,,,
ACO-TE-10,03/21/2023,05/22/2018,M,English,N,Adventure Courtenay,Khuyen,3,Y,12,CP,4,bunny,8,,,,
ACO-TE-10,03/21/2023,05/22/2018,M,English,N,Adventure Courtenay,Khuyen,3,Y,12,CP,5,lion,1,,,,
ACO-TE-10,03/21/2023,05/22/2018,M,English,N,Adventure Courtenay,Khuyen,3,Y,12,CP,6,bunny,6,,,,
ACO-JY-6,03/21/2023,02/09/2020,M,English,N,Adventure Courtenay,Khuyen,1,Y,1,2,1,NA,4,,,,
ACO-JY-6,03/21/2023,02/09/2020,M,English,N,Adventure Courtenay,Khuyen,1,Y,1,2,2,NA,4,,,,
ACO-JY-6,03/21/2023,02/09/2020,M,English,N,Adventure Courtenay,Khuyen,1,Y,1,2,3,NA,4,,,,
ACO-JY-6,03/21/2023,02/09/2020,M,English,N,Adventure Courtenay,Khuyen,1,Y,1,2,4,NA,4,,,,
ACO-JY-6,03/21/2023,02/09/2020,M,English,N,Adventure Courtenay,Khuyen,1,Y,1,2,5,NA,4,,,,
ACO-JY-6,03/21/2023,02/09/2020,M,English,N,Adventure Courtenay,Khuyen,1,Y,1,2,6,NA,4,,,,
PD-BN-17,03/23/2023,05/17/2018,F,English,N,Puddleduck,Khuyen,5,N,28,CP,1,lion,1,,,,
PD-BN-17,03/23/2023,05/17/2018,F,English,N,Puddleduck,Khuyen,5,N,28,CP,2,lion,1,,,,
PD-BN-17,03/23/2023,05/17/2018,F,English,N,Puddleduck,Khuyen,5,N,28,CP,3,bunny,7,,,,
PD-BN-17,03/23/2023,05/17/2018,F,English,N,Puddleduck,Khuyen,5,N,28,CP,4,lion,3,,,,
PD-BN-17,03/23/2023,05/17/2018,F,English,N,Puddleduck,Khuyen,5,N,28,CP,5,bunny,5,,,,
PD-BN-17,03/23/2023,05/17/2018,F,English,N,Puddleduck,Khuyen,5,N,28,CP,6,lion,4,,,,
PD-OV-14,03/23/2023,05/14/2018,M,English,N,Puddleduck,Khuyen,1,N,12,CP,1,lion,1,,,,
PD-OV-14,03/23/2023,05/14/2018,M,English,N,Puddleduck,Khuyen,1,N,12,CP,2,lion,7,,,,
PD-OV-14,03/23/2023,05/14/2018,M,English,N,Puddleduck,Khuyen,1,N,12,CP,3,bunny,6,,,,
PD-OV-14,03/23/2023,05/14/2018,M,English,N,Puddleduck,Khuyen,1,N,12,CP,4,bunny,2,,,,
PD-OV-14,03/23/2023,05/14/2018,M,English,N,Puddleduck,Khuyen,1,N,12,CP,5,lion,2,,,,
PD-OV-14,03/23/2023,05/14/2018,M,English,N,Puddleduck,Khuyen,1,N,12,CP,6,bunny,8,,,,
PD-S-19,03/23/2023,03/18/2018,M,English,N,Puddleduck,Khuyen,5,N,29,CP,1,lion,1,,,,
PD-S-19,03/23/2023,03/18/2018,M,English,N,Puddleduck,Khuyen,5,N,29,CP,2,lion,2,1,,,
PD-S-19,03/23/2023,03/18/2018,M,English,N,Puddleduck,Khuyen,5,N,29,CP,3,bunny,7,,,,
PD-S-19,03/23/2023,03/18/2018,M,English,N,Puddleduck,Khuyen,5,N,29,CP,4,lion,3,,,,
PD-S-19,03/23/2023,03/18/2018,M,English,N,Puddleduck,Khuyen,5,N,29,CP,5,bunny,5,,,,
PD-S-19,03/23/2023,03/18/2018,M,English,N,Puddleduck,Khuyen,5,N,29,CP,6,bunny,6,7,,,
PD-BB-16,03/23/2023,10/27/2018,M,English,N,Puddleduck,Khuyen,6,N,12,CP,1,lion,5,,,,
PD-BB-16,03/23/2023,10/27/2018,M,English,N,Puddleduck,Khuyen,6,N,12,CP,2,lion,2,,,,
PD-BB-16,03/23/2023,10/27/2018,M,English,N,Puddleduck,Khuyen,6,N,12,CP,3,bunny,3,,,,
PD-BB-16,03/23/2023,10/27/2018,M,English,N,Puddleduck,Khuyen,6,N,12,CP,4,bunny,6,,,,
PD-BB-16,03/23/2023,10/27/2018,M,English,N,Puddleduck,Khuyen,6,N,12,CP,5,lion,2,,,,
PD-BB-16,03/23/2023,10/27/2018,M,English,N,Puddleduck,Khuyen,6,N,12,CP,6,bunny,7,,,,
PD-DS-5,03/23/2023,01/11/2020,F,English,N,Puddleduck,Khuyen,5,N,10,5,1,both,3,,lion,,
PD-DS-5,03/23/2023,01/11/2020,F,English,N,Puddleduck,Khuyen,5,N,10,5,2,lion,1,,,,
PD-DS-5,03/23/2023,01/11/2020,F,English,N,Puddleduck,Khuyen,5,N,10,5,3,bunny,5,,,,
PD-DS-5,03/23/2023,01/11/2020,F,English,N,Puddleduck,Khuyen,5,N,10,5,4,lion,3,,,,
PD-DS-5,03/23/2023,01/11/2020,F,English,N,Puddleduck,Khuyen,5,N,10,5,5,bunny,4,5,,,
PD-DS-5,03/23/2023,01/11/2020,F,English,N,Puddleduck,Khuyen,5,N,10,5,6,bunny,7,,,,
PD-AB-2,03/23/2023,03/22/2020,F,English,N,Puddleduck,Khuyen,6,Y,4,2,1,lion,5,,,,
PD-AB-2,03/23/2023,03/22/2020,F,English,N,Puddleduck,Khuyen,6,Y,4,2,2,lion,2,,,,
PD-AB-2,03/23/2023,03/22/2020,F,English,N,Puddleduck,Khuyen,6,Y,4,2,3,bunny,3,,,,
PD-AB-2,03/23/2023,03/22/2020,F,English,N,Puddleduck,Khuyen,6,Y,4,2,4,bunny,4,,,,
PD-AB-2,03/23/2023,03/22/2020,F,English,N,Puddleduck,Khuyen,6,Y,4,2,5,lion,1,2,,,
PD-AB-2,03/23/2023,03/22/2020,F,English,N,Puddleduck,Khuyen,6,Y,4,2,6,both,4,,bunny,,
PD-SN-3,03/23/2023,03/09/2020,F,English,N,Puddleduck,Khuyen,4,Y,5,3,1,both,4,,lion,,
PD-SN-3,03/23/2023,03/09/2020,F,English,N,Puddleduck,Khuyen,4,Y,5,3,2,bunny,4,,,,
PD-SN-3,03/23/2023,03/09/2020,F,English,N,Puddleduck,Khuyen,4,Y,5,3,3,lion,4,,,,
PD-SN-3,03/23/2023,03/09/2020,F,English,N,Puddleduck,Khuyen,4,Y,5,3,4,bunny,4,2,,,
PD-SN-3,03/23/2023,03/09/2020,F,English,N,Puddleduck,Khuyen,4,Y,5,3,5,NA,2,,,,
PD-SN-3,03/23/2023,03/09/2020,F,English,N,Puddleduck,Khuyen,4,Y,5,3,6,NA,4,,,,
PD-FB-8,03/23/2023,05/23/2019,M,English,N,Puddleduck,Khuyen,6,Y,29,CP,1,NA,4,,,,
PD-FB-8,03/23/2023,05/23/2019,M,English,N,Puddleduck,Khuyen,6,Y,29,CP,2,NA,2,,,,
PD-FB-8,03/23/2023,05/23/2019,M,English,N,Puddleduck,Khuyen,6,Y,29,CP,3,NA,1,,,,
PD-FB-8,03/23/2023,05/23/2019,M,English,N,Puddleduck,Khuyen,6,Y,29,CP,4,bunny,6,,,,
PD-FB-8,03/23/2023,05/23/2019,M,English,N,Puddleduck,Khuyen,6,Y,29,CP,5,lion,2,,NA,,
PD-FB-8,03/23/2023,05/23/2019,M,English,N,Puddleduck,Khuyen,6,Y,29,CP,6,NA,20,,,,
PD-EB-18,03/23/2023,12/03/2018,F,English,N,Puddleduck,Khuyen,6,N,12,2,1,bunny,3,,,,
PD-EB-18,03/23/2023,12/03/2018,F,English,N,Puddleduck,Khuyen,6,N,12,2,2,lion,2,,,,
PD-EB-18,03/23/2023,12/03/2018,F,English,N,Puddleduck,Khuyen,6,N,12,2,3,bunny,2,,,,
PD-EB-18,03/23/2023,12/03/2018,F,English,N,Puddleduck,Khuyen,6,N,12,2,4,bunny,2,,,,
PD-EB-18,03/23/2023,12/03/2018,F,English,N,Puddleduck,Khuyen,6,N,12,2,5,lion,2,,,,
PD-EB-18,03/23/2023,12/03/2018,F,English,N,Puddleduck,Khuyen,6,N,12,2,6,bunny,2,,,,
PD-C-9,03/23/2023,09/09/2019,M,English,N,Puddleduck,Khuyen,1,Y,10,4,1,lion,1,,,,
PD-C-9,03/23/2023,09/09/2019,M,English,N,Puddleduck,Khuyen,1,Y,10,4,2,lion,5,,,,
PD-C-9,03/23/2023,09/09/2019,M,English,N,Puddleduck,Khuyen,1,Y,10,4,3,lion,5,,,,
PD-C-9,03/23/2023,09/09/2019,M,English,N,Puddleduck,Khuyen,1,Y,10,4,4,bunny,2,,,,
PD-C-9,03/23/2023,09/09/2019,M,English,N,Puddleduck,Khuyen,1,Y,10,4,5,lion,2,,,,
PD-C-9,03/23/2023,09/09/2019,M,English,N,Puddleduck,Khuyen,1,Y,10,4,6,bunny,4,,,,
PD-LO-10,03/23/2023,01/04/2019,F,English,N,Puddleduck,Khuyen,6,Y,11,CP,1,lion,4,,,,
PD-LO-10,03/23/2023,01/04/2019,F,English,N,Puddleduck,Khuyen,6,Y,11,CP,2,lion,2,,,,
PD-LO-10,03/23/2023,01/04/2019,F,English,N,Puddleduck,Khuyen,6,Y,11,CP,3,bunny,3,,,,
PD-LO-10,03/23/2023,01/04/2019,F,English,N,Puddleduck,Khuyen,6,Y,11,CP,4,bunny,6,,,,
PD-LO-10,03/23/2023,01/04/2019,F,English,N,Puddleduck,Khuyen,6,Y,11,CP,5,lion,2,,,,
PD-LO-10,03/23/2023,01/04/2019,F,English,N,Puddleduck,Khuyen,6,Y,11,CP,6,bunny,7,,,,
PD-LB-13,03/23/2023,10/27/2018,M,English,N,Puddleduck,Khuyen,4,N,13,CP,1,bunny,5,,,,
PD-LB-13,03/23/2023,10/27/2018,M,English,N,Puddleduck,Khuyen,4,N,13,CP,2,lion,7,,,,
PD-LB-13,03/23/2023,10/27/2018,M,English,N,Puddleduck,Khuyen,4,N,13,CP,3,lion,2,,,,
PD-LB-13,03/23/2023,10/27/2018,M,English,N,Puddleduck,Khuyen,4,N,13,CP,4,bunny,7,,,,
PD-LB-13,03/23/2023,10/27/2018,M,English,N,Puddleduck,Khuyen,4,N,13,CP,5,lion,2,,,,
PD-LB-13,03/23/2023,10/27/2018,M,English,N,Puddleduck,Khuyen,4,N,13,CP,6,bunny,3,,,,
PD-DC-20,03/23/2023,02/19/2018,M,English,N,Puddleduck,Khuyen,2,N,12,CP,1,lion,7,,,,
PD-DC-20,03/23/2023,02/19/2018,M,English,N,Puddleduck,Khuyen,2,N,12,CP,2,bunny,1,,,,
PD-DC-20,03/23/2023,02/19/2018,M,English,N,Puddleduck,Khuyen,2,N,12,CP,3,bunny,7,,,,
PD-DC-20,03/23/2023,02/19/2018,M,English,N,Puddleduck,Khuyen,2,N,12,CP,4,lion,1,,,,
PD-DC-20,03/23/2023,02/19/2018,M,English,N,Puddleduck,Khuyen,2,N,12,CP,5,bunny,5,,,,
PD-DC-20,03/23/2023,02/19/2018,M,English,N,Puddleduck,Khuyen,2,N,12,CP,6,lion,3,,,,
PD-KB-12,03/23/2023,07/14/2018,F,English,N,Puddleduck,Khuyen,2,Y,12,CP,1,lion,4,7,,,
PD-KB-12,03/23/2023,07/14/2018,F,English,N,Puddleduck,Khuyen,2,Y,12,CP,2,bunny,1,,,,
PD-KB-12,03/23/2023,07/14/2018,F,English,N,Puddleduck,Khuyen,2,Y,12,CP,3,bunny,7,,,,
PD-KB-12,03/23/2023,07/14/2018,F,English,N,Puddleduck,Khuyen,2,Y,12,CP,4,lion,1,,,,
PD-KB-12,03/23/2023,07/14/2018,F,English,N,Puddleduck,Khuyen,2,Y,12,CP,5,bunny,5,,,,
PD-KB-12,03/23/2023,07/14/2018,F,English,N,Puddleduck,Khuyen,2,Y,12,CP,6,lion,3,,,,
PD-OS-21,03/23/2023,01/30/2019,M,English,N,Puddleduck,Khuyen,1,N,10,CP,1,lion,1,,,,
PD-OS-21,03/23/2023,01/30/2019,M,English,N,Puddleduck,Khuyen,1,N,10,CP,2,lion,7,,,,
PD-OS-21,03/23/2023,01/30/2019,M,English,N,Puddleduck,Khuyen,1,N,10,CP,3,bunny,NA,,,,
PD-OS-21,03/23/2023,01/30/2019,M,English,N,Puddleduck,Khuyen,1,N,10,CP,4,bunny,2,,,,
PD-OS-21,03/23/2023,01/30/2019,M,English,N,Puddleduck,Khuyen,1,N,10,CP,5,lion,2,,,,
PD-OS-21,03/23/2023,01/30/2019,M,English,N,Puddleduck,Khuyen,1,N,10,CP,6,bunny,600,,,,
PD-A-15,03/23/2023,08/13/2018,F,English,N,Puddleduck,Khuyen,4,Y,12,CP,1,bunny,5,,,,
PD-A-15,03/23/2023,08/13/2018,F,English,N,Puddleduck,Khuyen,4,Y,12,CP,2,lion,7,,,,
PD-A-15,03/23/2023,08/13/2018,F,English,N,Puddleduck,Khuyen,4,Y,12,CP,3,lion,2,,,,
PD-A-15,03/23/2023,08/13/2018,F,English,N,Puddleduck,Khuyen,4,Y,12,CP,4,bunny,7,,,,
PD-A-15,03/23/2023,08/13/2018,F,English,N,Puddleduck,Khuyen,4,Y,12,CP,5,lion,2,,,,
PD-A-15,03/23/2023,08/13/2018,F,English,N,Puddleduck,Khuyen,4,Y,12,CP,6,bunny,3,,,,
BF-AM-17,03/24/2023,08/14/2018,M,English,N,Beaufort,Khuyen,4,N,4,3,1,bunny,4,5,,,
BF-AM-17,03/24/2023,08/14/2018,M,English,N,Beaufort,Khuyen,4,N,4,3,2,lion,7,,,,
BF-AM-17,03/24/2023,08/14/2018,M,English,N,Beaufort,Khuyen,4,N,4,3,3,lion,2,,,,
BF-AM-17,03/24/2023,08/14/2018,M,English,N,Beaufort,Khuyen,4,N,4,3,4,bunny,7,,,,
BF-AM-17,03/24/2023,08/14/2018,M,English,N,Beaufort,Khuyen,4,N,4,3,5,lion,2,,,,
BF-AM-17,03/24/2023,08/14/2018,M,English,N,Beaufort,Khuyen,4,N,4,3,6,bunny,3,,,,
BF-MG-22,03/24/2023,12/22/2018,F,English,N,Beaufort,Khuyen,1,Y,9,CP,1,lion,1,,,,
BF-MG-22,03/24/2023,12/22/2018,F,English,N,Beaufort,Khuyen,1,Y,9,CP,2,lion,6,,,,
BF-MG-22,03/24/2023,12/22/2018,F,English,N,Beaufort,Khuyen,1,Y,9,CP,3,bunny,6,,,,
BF-MG-22,03/24/2023,12/22/2018,F,English,N,Beaufort,Khuyen,1,Y,9,CP,4,bunny,2,,,,
BF-MG-22,03/24/2023,12/22/2018,F,English,N,Beaufort,Khuyen,1,Y,9,CP,5,lion,2,,,,
BF-MG-22,03/24/2023,12/22/2018,F,English,N,Beaufort,Khuyen,1,Y,9,CP,6,bunny,8,,,,
BF-M-37,03/24/2023,04/22/2020,F,English,N,Beaufort,Khuyen,4,N,1,2,1,NA,7,,,,
BF-M-37,03/24/2023,04/22/2020,F,English,N,Beaufort,Khuyen,4,N,1,2,2,NA,6,,,,
BF-M-37,03/24/2023,04/22/2020,F,English,N,Beaufort,Khuyen,4,N,1,2,3,NA,7,,,,
BF-M-37,03/24/2023,04/22/2020,F,English,N,Beaufort,Khuyen,4,N,1,2,4,NA,6,,,,
BF-M-37,03/24/2023,04/22/2020,F,English,N,Beaufort,Khuyen,4,N,1,2,5,NA,6,,,,
BF-M-37,03/24/2023,04/22/2020,F,English,N,Beaufort,Khuyen,4,N,1,2,6,NA,6,,,,
BF-PG-26,03/24/2023,02/06/2021,F,English,N,Beaufort,Khuyen,3,Y,NA,1,1,bunny,1,,,,
BF-PG-26,03/24/2023,02/06/2021,F,English,N,Beaufort,Khuyen,3,Y,NA,1,2,bunny,1,,,,
BF-PG-26,03/24/2023,02/06/2021,F,English,N,Beaufort,Khuyen,3,Y,NA,1,3,NA,1,,,,
BF-PG-26,03/24/2023,02/06/2021,F,English,N,Beaufort,Khuyen,3,Y,NA,1,4,bunny,1,,,,
BF-PG-26,03/24/2023,02/06/2021,F,English,N,Beaufort,Khuyen,3,Y,NA,1,5,NA,0,,,,
BF-PG-26,03/24/2023,02/06/2021,F,English,N,Beaufort,Khuyen,3,Y,NA,1,6,lion,1,,,,
BF-GM-21,03/24/2023,07/07/2018,F,English,N,Beaufort,Khuyen,5,Y,9,3,1,lion,1,,,,
BF-GM-21,03/24/2023,07/07/2018,F,English,N,Beaufort,Khuyen,5,Y,9,3,2,lion,1,,,,
BF-GM-21,03/24/2023,07/07/2018,F,English,N,Beaufort,Khuyen,5,Y,9,3,3,bunny,7,,,,
BF-GM-21,03/24/2023,07/07/2018,F,English,N,Beaufort,Khuyen,5,Y,9,3,4,lion,3,,,,
BF-GM-21,03/24/2023,07/07/2018,F,English,N,Beaufort,Khuyen,5,Y,9,3,5,bunny,4,,,,
BF-GM-21,03/24/2023,07/07/2018,F,English,N,Beaufort,Khuyen,5,Y,9,3,6,bunny,6,,,,
BF-A-1,03/24/2023,12/12/2017,M,English,N,Beaufort,Khuyen,3,Y,12,CP,1,lion,3,,,,
BF-A-1,03/24/2023,12/12/2017,M,English,N,Beaufort,Khuyen,3,Y,12,CP,2,bunny,1,,,,
BF-A-1,03/24/2023,12/12/2017,M,English,N,Beaufort,Khuyen,3,Y,12,CP,3,lion,8,,,,
BF-A-1,03/24/2023,12/12/2017,M,English,N,Beaufort,Khuyen,3,Y,12,CP,4,bunny,8,,,,
BF-A-1,03/24/2023,12/12/2017,M,English,N,Beaufort,Khuyen,3,Y,12,CP,5,lion,1,,,,
BF-A-1,03/24/2023,12/12/2017,M,English,N,Beaufort,Khuyen,3,Y,12,CP,6,bunny,7,,,,
BF-NK-36,03/24/2023,12/27/2018,M,English,N,Beaufort,Khuyen,1,Y,10,CP,1,NA,1,,,,
BF-NK-36,03/24/2023,12/27/2018,M,English,N,Beaufort,Khuyen,1,Y,10,CP,2,NA,6,,,,
BF-NK-36,03/24/2023,12/27/2018,M,English,N,Beaufort,Khuyen,1,Y,10,CP,3,NA,6,,,,
BF-NK-36,03/24/2023,12/27/2018,M,English,N,Beaufort,Khuyen,1,Y,10,CP,4,bunny,2,,,,
BF-NK-36,03/24/2023,12/27/2018,M,English,N,Beaufort,Khuyen,1,Y,10,CP,5,lion,2,,,,
BF-NK-36,03/24/2023,12/27/2018,M,English,N,Beaufort,Khuyen,1,Y,10,CP,6,bunny,8,,,,
GD-LG-3,03/27/2023,11/06/2018,F,English,N,Grow & Discover,Khuyen,4,Y,4,2,1,bunny,4,12,,,
GD-LG-3,03/27/2023,11/06/2018,F,English,N,Grow & Discover,Khuyen,4,Y,4,2,2,lion,16,,,,
GD-LG-3,03/27/2023,11/06/2018,F,English,N,Grow & Discover,Khuyen,4,Y,4,2,3,lion,2,,,,
GD-LG-3,03/27/2023,11/06/2018,F,English,N,Grow & Discover,Khuyen,4,Y,4,2,4,bunny,12,,,,
GD-LG-3,03/27/2023,11/06/2018,F,English,N,Grow & Discover,Khuyen,4,Y,4,2,5,both,11,,lion,,
GD-LG-3,03/27/2023,11/06/2018,F,English,N,Grow & Discover,Khuyen,4,Y,4,2,6,both,12,,bunny,,
GD-NW-2,03/27/2023,03/09/2020,M,English,N,Grow & Discover,Khuyen,5,Y,NA,2,1,NA,4,,,,
GD-NW-2,03/27/2023,03/09/2020,M,English,N,Grow & Discover,Khuyen,5,Y,NA,2,2,NA,4,,,,
GD-NW-2,03/27/2023,03/09/2020,M,English,N,Grow & Discover,Khuyen,5,Y,NA,2,3,NA,5,,,,
GD-NW-2,03/27/2023,03/09/2020,M,English,N,Grow & Discover,Khuyen,5,Y,NA,2,4,NA,NA,,,,
GD-NW-2,03/27/2023,03/09/2020,M,English,N,Grow & Discover,Khuyen,5,Y,NA,2,5,NA,0,,,,
GD-NW-2,03/27/2023,03/09/2020,M,English,N,Grow & Discover,Khuyen,5,Y,NA,2,6,NA,0,,,,
GD-AE-4,03/27/2023,12/21/2018,F,English,N,Grow & Discover,Khuyen,4,Y,12,4,1,bunny,5,,,,
GD-AE-4,03/27/2023,12/21/2018,F,English,N,Grow & Discover,Khuyen,4,Y,12,4,2,lion,7,,,,
GD-AE-4,03/27/2023,12/21/2018,F,English,N,Grow & Discover,Khuyen,4,Y,12,4,3,lion,2,,,,
GD-AE-4,03/27/2023,12/21/2018,F,English,N,Grow & Discover,Khuyen,4,Y,12,4,4,bunny,7,,,,
GD-AE-4,03/27/2023,12/21/2018,F,English,N,Grow & Discover,Khuyen,4,Y,12,4,5,lion,8,2,,,
GD-AE-4,03/27/2023,12/21/2018,F,English,N,Grow & Discover,Khuyen,4,Y,12,4,6,bunny,8,3,,,
BF-S-29,03/27/2023,08/11/2019,F,English,N,Beaufort,Khuyen,2,Y,8,2,1,NA,3,,,,
BF-S-29,03/27/2023,08/11/2019,F,English,N,Beaufort,Khuyen,2,Y,8,2,2,bunny,1,,,,
BF-S-29,03/27/2023,08/11/2019,F,English,N,Beaufort,Khuyen,2,Y,8,2,3,NA,8,,,,
BF-S-29,03/27/2023,08/11/2019,F,English,N,Beaufort,Khuyen,2,Y,8,2,4,NA,1,,,,
BF-S-29,03/27/2023,08/11/2019,F,English,N,Beaufort,Khuyen,2,Y,8,2,5,NA,3,,,,
BF-S-29,03/27/2023,08/11/2019,F,English,N,Beaufort,Khuyen,2,Y,8,2,6,NA,7,,,,
BF-HG-3,03/27/2023,07/23/2018,F,English,N,Beaufort,Khuyen,3,Y,12,5,1,both,3,,lion,,
BF-HG-3,03/27/2023,07/23/2018,F,English,N,Beaufort,Khuyen,3,Y,12,5,2,bunny,1,,,,
BF-HG-3,03/27/2023,07/23/2018,F,English,N,Beaufort,Khuyen,3,Y,12,5,3,lion,8,7,,,
BF-HG-3,03/27/2023,07/23/2018,F,English,N,Beaufort,Khuyen,3,Y,12,5,4,bunny,8,,,,
BF-HG-3,03/27/2023,07/23/2018,F,English,N,Beaufort,Khuyen,3,Y,12,5,5,lion,1,,,,
BF-HG-3,03/27/2023,07/23/2018,F,English,N,Beaufort,Khuyen,3,Y,12,5,6,bunny,6,,,,
BF-OB-34,03/27/2023,09/23/2019,F,English,German,Beaufort,Khuyen,2,Y,10,3,1,lion,7,,,,
BF-OB-34,03/27/2023,09/23/2019,F,English,German,Beaufort,Khuyen,2,Y,10,3,2,bunny,1,,,,
BF-OB-34,03/27/2023,09/23/2019,F,English,German,Beaufort,Khuyen,2,Y,10,3,3,bunny,10,6,,,
BF-OB-34,03/27/2023,09/23/2019,F,English,German,Beaufort,Khuyen,2,Y,10,3,4,both,4,1,lion,,
BF-OB-34,03/27/2023,09/23/2019,F,English,German,Beaufort,Khuyen,2,Y,10,3,5,bunny,10,,,,
BF-OB-34,03/27/2023,09/23/2019,F,English,German,Beaufort,Khuyen,2,Y,10,3,6,both,3,2,lion,,
BF-MD-19,03/27/2023,01/06/2020,F,English,N,Beaufort,Khuyen,2,Y,10,3,1,lion,3,5,,,
BF-MD-19,03/27/2023,01/06/2020,F,English,N,Beaufort,Khuyen,2,Y,10,3,2,bunny,2,1,,,
BF-MD-19,03/27/2023,01/06/2020,F,English,N,Beaufort,Khuyen,2,Y,10,3,3,bunny,5,,,,
BF-MD-19,03/27/2023,01/06/2020,F,English,N,Beaufort,Khuyen,2,Y,10,3,4,bunny,5,,,,
BF-MD-19,03/27/2023,01/06/2020,F,English,N,Beaufort,Khuyen,2,Y,10,3,5,bunny,5,,,,
BF-MD-19,03/27/2023,01/06/2020,F,English,N,Beaufort,Khuyen,2,Y,10,3,6,bunny,5,,,,initially chose lions but switched after prompt
FC-BC-13,03/28/2023,05/18/2019,F,English,N,Forest Circle,Khuyen,1,Y,12,3,1,bunny,3,,,,
FC-BC-13,03/28/2023,05/18/2019,F,English,N,Forest Circle,Khuyen,1,Y,12,3,2,lion,4,,,,
FC-BC-13,03/28/2023,05/18/2019,F,English,N,Forest Circle,Khuyen,1,Y,12,3,3,bunny,3,,,,
FC-BC-13,03/28/2023,05/18/2019,F,English,N,Forest Circle,Khuyen,1,Y,12,3,4,bunny,2,,,,
FC-BC-13,03/28/2023,05/18/2019,F,English,N,Forest Circle,Khuyen,1,Y,12,3,5,lion,2,,,,
FC-BC-13,03/28/2023,05/18/2019,F,English,N,Forest Circle,Khuyen,1,Y,12,3,6,bunny,3,,,,
FC-IL-21,03/28/2023,07/01/2019,F,English,N,Forest Circle,Khuyen,6,N,14,5,1,lion,5,,,,
FC-IL-21,03/28/2023,07/01/2019,F,English,N,Forest Circle,Khuyen,6,N,14,5,2,lion,2,,,,
FC-IL-21,03/28/2023,07/01/2019,F,English,N,Forest Circle,Khuyen,6,N,14,5,3,bunny,3,,,,
FC-IL-21,03/28/2023,07/01/2019,F,English,N,Forest Circle,Khuyen,6,N,14,5,4,bunny,5,,,,
FC-IL-21,03/28/2023,07/01/2019,F,English,N,Forest Circle,Khuyen,6,N,14,5,5,lion,2,,,,
FC-IL-21,03/28/2023,07/01/2019,F,English,N,Forest Circle,Khuyen,6,N,14,5,6,bunny,5,,,,
FC-FL-8,03/28/2023,07/15/2019,F,English,N,Forest Circle,Khuyen,1,Y,4,2,1,lion,1,,,,
FC-FL-8,03/28/2023,07/15/2019,F,English,N,Forest Circle,Khuyen,1,Y,4,2,2,both,6,,lion,,
FC-FL-8,03/28/2023,07/15/2019,F,English,N,Forest Circle,Khuyen,1,Y,4,2,3,both,6,,bunny,,
FC-FL-8,03/28/2023,07/15/2019,F,English,N,Forest Circle,Khuyen,1,Y,4,2,4,bunny,2,,,,
FC-FL-8,03/28/2023,07/15/2019,F,English,N,Forest Circle,Khuyen,1,Y,4,2,5,lion,2,,,,
FC-FL-8,03/28/2023,07/15/2019,F,English,N,Forest Circle,Khuyen,1,Y,4,2,6,both,4,,lion,,
FC-JP-5,03/28/2023,01/31/2019,F,English,N,Forest Circle,Khuyen,4,Y,2,3,1,lion,4,,,,
FC-JP-5,03/28/2023,01/31/2019,F,English,N,Forest Circle,Khuyen,4,Y,2,3,2,lion,3,,,,
FC-JP-5,03/28/2023,01/31/2019,F,English,N,Forest Circle,Khuyen,4,Y,2,3,3,lion,2,,,,
FC-JP-5,03/28/2023,01/31/2019,F,English,N,Forest Circle,Khuyen,4,Y,2,3,4,bunny,4,,,,
FC-JP-5,03/28/2023,01/31/2019,F,English,N,Forest Circle,Khuyen,4,Y,2,3,5,lion,2,,,,
FC-JP-5,03/28/2023,01/31/2019,F,English,N,Forest Circle,Khuyen,4,Y,2,3,6,NA,6,,,,
FC-RK-14,03/28/2023,02/18/2019,F,English,N,Forest Circle,Khuyen,1,Y,10,3,1,bunny,1,6,,,
FC-RK-14,03/28/2023,02/18/2019,F,English,N,Forest Circle,Khuyen,1,Y,10,3,2,lion,4,,,,
FC-RK-14,03/28/2023,02/18/2019,F,English,N,Forest Circle,Khuyen,1,Y,10,3,3,bunny,7,,,,
FC-RK-14,03/28/2023,02/18/2019,F,English,N,Forest Circle,Khuyen,1,Y,10,3,4,bunny,2,,,,
FC-RK-14,03/28/2023,02/18/2019,F,English,N,Forest Circle,Khuyen,1,Y,10,3,5,lion,2,,,,
FC-RK-14,03/28/2023,02/18/2019,F,English,N,Forest Circle,Khuyen,1,Y,10,3,6,bunny,4,,,,
FC-RB-1,03/28/2023,03/11/2020,F,English,N,Forest Circle,Khuyen,5,Y,11,2,1,lion,1,,,,
FC-RB-1,03/28/2023,03/11/2020,F,English,N,Forest Circle,Khuyen,5,Y,11,2,2,bunny,2,,,,
FC-RB-1,03/28/2023,03/11/2020,F,English,N,Forest Circle,Khuyen,5,Y,11,2,3,bunny,6,,,,
FC-RB-1,03/28/2023,03/11/2020,F,English,N,Forest Circle,Khuyen,5,Y,11,2,4,lion,3,,,,
FC-RB-1,03/28/2023,03/11/2020,F,English,N,Forest Circle,Khuyen,5,Y,11,2,5,bunny,7,5,,,
FC-RB-1,03/28/2023,03/11/2020,F,English,N,Forest Circle,Khuyen,5,Y,11,2,6,bunny,5,,,,
BF-SB-4,03/29/2023,03/07/2018,F,English,N,Beaufort,Khuyen,5,Y,12,CP,1,NA,1,,,,
BF-SB-4,03/29/2023,03/07/2018,F,English,N,Beaufort,Khuyen,5,Y,12,CP,2,NA,1,,,,
BF-SB-4,03/29/2023,03/07/2018,F,English,N,Beaufort,Khuyen,5,Y,12,CP,3,bunny,8,,,,
BF-SB-4,03/29/2023,03/07/2018,F,English,N,Beaufort,Khuyen,5,Y,12,CP,4,lion,3,,,,
BF-SB-4,03/29/2023,03/07/2018,F,English,N,Beaufort,Khuyen,5,Y,12,CP,5,bunny,5,,,,
BF-SB-4,03/29/2023,03/07/2018,F,English,N,Beaufort,Khuyen,5,Y,12,CP,6,bunny,8,,,,
BF-MB-27,03/29/2023,06/19/2019,F,English,N,Beaufort,Khuyen,6,Y,9,4,1,lion,4,,,,
BF-MB-27,03/29/2023,06/19/2019,F,English,N,Beaufort,Khuyen,6,Y,9,4,2,both,2,3,lion,,
BF-MB-27,03/29/2023,06/19/2019,F,English,N,Beaufort,Khuyen,6,Y,9,4,3,both,4,,bunny,,
BF-MB-27,03/29/2023,06/19/2019,F,English,N,Beaufort,Khuyen,6,Y,9,4,4,both,4,,bunny,,
BF-MB-27,03/29/2023,06/19/2019,F,English,N,Beaufort,Khuyen,6,Y,9,4,5,both,3,,lion,,
BF-MB-27,03/29/2023,06/19/2019,F,English,N,Beaufort,Khuyen,6,Y,9,4,6,bunny,5,,,,
BF-A-6,03/29/2023,07/18/2018,F,English,N,Beaufort,Khuyen,3,Y,12,CP,1,lion,3,,,,
BF-A-6,03/29/2023,07/18/2018,F,English,N,Beaufort,Khuyen,3,Y,12,CP,2,bunny,1,,,,
BF-A-6,03/29/2023,07/18/2018,F,English,N,Beaufort,Khuyen,3,Y,12,CP,3,lion,7,,,,
BF-A-6,03/29/2023,07/18/2018,F,English,N,Beaufort,Khuyen,3,Y,12,CP,4,bunny,8,,,,
BF-A-6,03/29/2023,07/18/2018,F,English,N,Beaufort,Khuyen,3,Y,12,CP,5,lion,1,,,,
BF-A-6,03/29/2023,07/18/2018,F,English,N,Beaufort,Khuyen,3,Y,12,CP,6,bunny,6,,,,
BF-CP-31,03/29/2023,01/14/2019,M,English,N,Beaufort,Khuyen,5,Y,2,CP,1,lion,1,,,,
BF-CP-31,03/29/2023,01/14/2019,M,English,N,Beaufort,Khuyen,5,Y,2,CP,2,bunny,2,,,,
BF-CP-31,03/29/2023,01/14/2019,M,English,N,Beaufort,Khuyen,5,Y,2,CP,3,bunny,7,,,,
BF-CP-31,03/29/2023,01/14/2019,M,English,N,Beaufort,Khuyen,5,Y,2,CP,4,lion,3,,,,
BF-CP-31,03/29/2023,01/14/2019,M,English,N,Beaufort,Khuyen,5,Y,2,CP,5,bunny,5,,,,
BF-CP-31,03/29/2023,01/14/2019,M,English,N,Beaufort,Khuyen,5,Y,2,CP,6,bunny,7,,,,
BF-JJ-40,03/29/2023,08/29/2019,M,English,N,Beaufort,Khuyen,3,N,7,2,1,NA,6,5,,,
BF-JJ-40,03/29/2023,08/29/2019,M,English,N,Beaufort,Khuyen,3,N,7,2,2,NA,4,3,,,
BF-JJ-40,03/29/2023,08/29/2019,M,English,N,Beaufort,Khuyen,3,N,7,2,3,NA,5,7,,,
BF-JJ-40,03/29/2023,08/29/2019,M,English,N,Beaufort,Khuyen,3,N,7,2,4,NA,3,5,,,
BF-JJ-40,03/29/2023,08/29/2019,M,English,N,Beaufort,Khuyen,3,N,7,2,5,NA,1,,,,
BF-JJ-40,03/29/2023,08/29/2019,M,English,N,Beaufort,Khuyen,3,N,7,2,6,NA,4,,,,
BF-BD-32,03/29/2023,03/16/2018,M,English,N,Beaufort,Khuyen,6,N,10,4,1,lion,6,5,,,
BF-BD-32,03/29/2023,03/16/2018,M,English,N,Beaufort,Khuyen,6,N,10,4,2,lion,2,,,,
BF-BD-32,03/29/2023,03/16/2018,M,English,N,Beaufort,Khuyen,6,N,10,4,3,bunny,3,,,,
BF-BD-32,03/29/2023,03/16/2018,M,English,N,Beaufort,Khuyen,6,N,10,4,4,bunny,6,,,,
BF-BD-32,03/29/2023,03/16/2018,M,English,N,Beaufort,Khuyen,6,N,10,4,5,lion,2,,,,
BF-BD-32,03/29/2023,03/16/2018,M,English,N,Beaufort,Khuyen,6,N,10,4,6,bunny,7,,,,
ACO-KG-17,03/30/2023,05/06/2017,F,English,N,Adventure Courtenay,Khuyen,1,Y,29,CP,1,NA,1,,,,
ACO-KG-17,03/30/2023,05/06/2017,F,English,N,Adventure Courtenay,Khuyen,1,Y,29,CP,2,lion,7,,,,
ACO-KG-17,03/30/2023,05/06/2017,F,English,N,Adventure Courtenay,Khuyen,1,Y,29,CP,3,bunny,6,,,,
ACO-KG-17,03/30/2023,05/06/2017,F,English,N,Adventure Courtenay,Khuyen,1,Y,29,CP,4,bunny,2,,,,
ACO-KG-17,03/30/2023,05/06/2017,F,English,N,Adventure Courtenay,Khuyen,1,Y,29,CP,5,lion,2,,,,
ACO-KG-17,03/30/2023,05/06/2017,F,English,N,Adventure Courtenay,Khuyen,1,Y,29,CP,6,bunny,8,,,,
ACO-DC-7,03/30/2023,03/11/2018,M,English,N,Adventure Courtenay,Khuyen,6,Y,13,CP,1,lion,5,,,,
ACO-DC-7,03/30/2023,03/11/2018,M,English,N,Adventure Courtenay,Khuyen,6,Y,13,CP,2,lion,2,,,,
ACO-DC-7,03/30/2023,03/11/2018,M,English,N,Adventure Courtenay,Khuyen,6,Y,13,CP,3,bunny,3,,,,
ACO-DC-7,03/30/2023,03/11/2018,M,English,N,Adventure Courtenay,Khuyen,6,Y,13,CP,4,bunny,5,6,,,
ACO-DC-7,03/30/2023,03/11/2018,M,English,N,Adventure Courtenay,Khuyen,6,Y,13,CP,5,lion,2,,,,
ACO-DC-7,03/30/2023,03/11/2018,M,English,N,Adventure Courtenay,Khuyen,6,Y,13,CP,6,bunny,7,,,,
ACO-ED-15,03/30/2023,04/24/2018,M,English,N,Adventure Courtenay,Khuyen,1,Y,59,CP,1,lion,1,,,,
ACO-ED-15,03/30/2023,04/24/2018,M,English,N,Adventure Courtenay,Khuyen,1,Y,59,CP,2,lion,7,,,,
ACO-ED-15,03/30/2023,04/24/2018,M,English,N,Adventure Courtenay,Khuyen,1,Y,59,CP,3,bunny,6,,,,
ACO-ED-15,03/30/2023,04/24/2018,M,English,N,Adventure Courtenay,Khuyen,1,Y,59,CP,4,bunny,2,,,,
ACO-ED-15,03/30/2023,04/24/2018,M,English,N,Adventure Courtenay,Khuyen,1,Y,59,CP,5,lion,2,,,,
ACO-ED-15,03/30/2023,04/24/2018,M,English,N,Adventure Courtenay,Khuyen,1,Y,59,CP,6,bunny,8,,,,
BF-HB-28,03/31/2023,02/07/2019,F,English,N,Beaufort,Khuyen,2,Y,14,CP,1,lion,7,,,,
BF-HB-28,03/31/2023,02/07/2019,F,English,N,Beaufort,Khuyen,2,Y,14,CP,2,bunny,1,,,,
BF-HB-28,03/31/2023,02/07/2019,F,English,N,Beaufort,Khuyen,2,Y,14,CP,3,bunny,6,7,,,
BF-HB-28,03/31/2023,02/07/2019,F,English,N,Beaufort,Khuyen,2,Y,14,CP,4,lion,1,,,,
BF-HB-28,03/31/2023,02/07/2019,F,English,N,Beaufort,Khuyen,2,Y,14,CP,5,bunny,5,,,,
BF-HB-28,03/31/2023,02/07/2019,F,English,N,Beaufort,Khuyen,2,Y,14,CP,6,bunny,2,,,,
BF-ZD-15,03/31/2023,02/10/2019,F,English,N,Beaufort,Khuyen,2,N,2,1,1,NA,3,,,,
BF-ZD-15,03/31/2023,02/10/2019,F,English,N,Beaufort,Khuyen,2,N,2,1,2,both,3,,bunny,,
BF-ZD-15,03/31/2023,02/10/2019,F,English,N,Beaufort,Khuyen,2,N,2,1,3,bunny,4,3,,,
BF-ZD-15,03/31/2023,02/10/2019,F,English,N,Beaufort,Khuyen,2,N,2,1,4,NA,3,1,,,
BF-ZD-15,03/31/2023,02/10/2019,F,English,N,Beaufort,Khuyen,2,N,2,1,5,NA,3,,,,
BF-ZD-15,03/31/2023,02/10/2019,F,English,N,Beaufort,Khuyen,2,N,2,1,6,NA,3,,,,
GD-BT-1,03/31/2023,10/06/2019,F,English,N,Grow & Discover,Urvi,2,N,12,CP,1,NA,10,,,,
GD-BT-1,03/31/2023,10/06/2019,F,English,N,Grow & Discover,Urvi,2,N,12,CP,2,NA,NA,,,Y,
GD-BT-1,03/31/2023,10/06/2019,F,English,N,Grow & Discover,Urvi,2,N,12,CP,3,NA,10,,,,
GD-BT-1,03/31/2023,10/06/2019,F,English,N,Grow & Discover,Urvi,2,N,12,CP,4,NA,10,,,,
GD-BT-1,03/31/2023,10/06/2019,F,English,N,Grow & Discover,Urvi,2,N,12,CP,5,NA,10,,,,
GD-BT-1,03/31/2023,10/06/2019,F,English,N,Grow & Discover,Urvi,2,N,12,CP,6,NA,10,2,,,
GD-EB-5,03/31/2023,06/06/2018,M,English,N,Grow & Discover,Urvi,2,N,49,CP,1,lion,8,7,,,
GD-EB-5,03/31/2023,06/06/2018,M,English,N,Grow & Discover,Urvi,2,N,49,CP,2,bunny,1,,,,
GD-EB-5,03/31/2023,06/06/2018,M,English,N,Grow & Discover,Urvi,2,N,49,CP,3,bunny,5,,,,
GD-EB-5,03/31/2023,06/06/2018,M,English,N,Grow & Discover,Urvi,2,N,49,CP,4,lion,1,,,,
GD-EB-5,03/31/2023,06/06/2018,M,English,N,Grow & Discover,Urvi,2,N,49,CP,5,bunny,5,,,,
GD-EB-5,03/31/2023,06/06/2018,M,English,N,Grow & Discover,Urvi,2,N,49,CP,6,lion,3,,,,
20230412-02,04/12/2023,01/30/2018,F,English,N,Fleet,Elizabeth,3,Y,14,4,1,lion,3,,,,
20230412-02,04/12/2023,01/30/2018,F,English,N,Fleet,Elizabeth,3,Y,14,4,2,bunny,1,,,,
20230412-02,04/12/2023,01/30/2018,F,English,N,Fleet,Elizabeth,3,Y,14,4,3,lion,5,7,,,
20230412-02,04/12/2023,01/30/2018,F,English,N,Fleet,Elizabeth,3,Y,14,4,4,bunny,6,8,,,
20230412-02,04/12/2023,01/30/2018,F,English,N,Fleet,Elizabeth,3,Y,14,4,5,lion,1,,,,
20230412-02,04/12/2023,01/30/2018,F,English,N,Fleet,Elizabeth,3,Y,14,4,6,lion,5,7,,,
20230412-03,04/12/2023,03/08/2018,F,English,N,Fleet,Elizabeth,4,N,100,CP,1,bunny,5,,,,
20230412-03,04/12/2023,03/08/2018,F,English,N,Fleet,Elizabeth,4,N,100,CP,2,lion,7,,,,
20230412-03,04/12/2023,03/08/2018,F,English,N,Fleet,Elizabeth,4,N,100,CP,3,lion,2,,,,
20230412-03,04/12/2023,03/08/2018,F,English,N,Fleet,Elizabeth,4,N,100,CP,4,bunny,7,,,,
20230412-03,04/12/2023,03/08/2018,F,English,N,Fleet,Elizabeth,4,N,100,CP,5,NA,NA,,,,
20230412-03,04/12/2023,03/08/2018,F,English,N,Fleet,Elizabeth,4,N,100,CP,6,bunny,3,,,,
20230413-01,04/13/2023,11/09/2018,F,English,N,Fleet,Urvi,1,N,29,CP,1,lion,1,,,,
20230413-01,04/13/2023,11/09/2018,F,English,N,Fleet,Urvi,1,N,29,CP,2,lion,7,,,,
20230413-01,04/13/2023,11/09/2018,F,English,N,Fleet,Urvi,1,N,29,CP,3,bunny,6,,,,
20230413-01,04/13/2023,11/09/2018,F,English,N,Fleet,Urvi,1,N,29,CP,4,bunny,2,,,,
20230413-01,04/13/2023,11/09/2018,F,English,N,Fleet,Urvi,1,N,29,CP,5,lion,2,,,,
20230413-01,04/13/2023,11/09/2018,F,English,N,Fleet,Urvi,1,N,29,CP,6,lion,5,,,,
20230413-02,04/13/2023,10/23/2018,F,English,N,Fleet,Urvi,2,N,12,CP,1,lion,7,,,,
20230413-02,04/13/2023,10/23/2018,F,English,N,Fleet,Urvi,2,N,12,CP,2,bunny,1,,,,
20230413-02,04/13/2023,10/23/2018,F,English,N,Fleet,Urvi,2,N,12,CP,3,lion,7,,,,
20230413-02,04/13/2023,10/23/2018,F,English,N,Fleet,Urvi,2,N,12,CP,4,lion,3,1,,,
20230413-02,04/13/2023,10/23/2018,F,English,N,Fleet,Urvi,2,N,12,CP,5,bunny,5,,,,
20230413-02,04/13/2023,10/23/2018,F,English,N,Fleet,Urvi,2,N,12,CP,6,lion,3,,,,
20230413-03,04/13/2023,03/15/2020,F,English,N,Fleet,Urvi,3,N,100,CP,1,lion,3,,,,
20230413-03,04/13/2023,03/15/2020,F,English,N,Fleet,Urvi,3,N,100,CP,2,bunny,1,,,,
20230413-03,04/13/2023,03/15/2020,F,English,N,Fleet,Urvi,3,N,100,CP,3,lion,7,,,,
20230413-03,04/13/2023,03/15/2020,F,English,N,Fleet,Urvi,3,N,100,CP,4,bunny,8,,,,
20230413-03,04/13/2023,03/15/2020,F,English,N,Fleet,Urvi,3,N,100,CP,5,lion,1,,,,
20230413-03,04/13/2023,03/15/2020,F,English,N,Fleet,Urvi,3,N,100,CP,6,bunny,6,,,,
FL-N-04,04/13/2023,01/13/2020,F,English,N,Fleet,Urvi,1,N,3,3,1,NA,NA,,,,
FL-N-04,04/13/2023,01/13/2020,F,English,N,Fleet,Urvi,1,N,3,3,2,NA,5,,,,
FL-N-04,04/13/2023,01/13/2020,F,English,N,Fleet,Urvi,1,N,3,3,3,NA,NA,,,,
FL-N-04,04/13/2023,01/13/2020,F,English,N,Fleet,Urvi,1,N,3,3,4,NA,5,,,,
FL-N-04,04/13/2023,01/13/2020,F,English,N,Fleet,Urvi,1,N,3,3,5,NA,5,,,,
FL-N-04,04/13/2023,01/13/2020,F,English,N,Fleet,Urvi,1,N,3,3,6,NA,NA,,,,
FL-KM-0414-1,04/14/2023,09/02/2017,F,English,N,Fleet,Khuyen,4,Y,39,CP,1,bunny,3,5,,,
FL-KM-0414-1,04/14/2023,09/02/2017,F,English,N,Fleet,Khuyen,4,Y,39,CP,2,lion,4,10,,,
FL-KM-0414-1,04/14/2023,09/02/2017,F,English,N,Fleet,Khuyen,4,Y,39,CP,3,lion,2,,,,
FL-KM-0414-1,04/14/2023,09/02/2017,F,English,N,Fleet,Khuyen,4,Y,39,CP,4,bunny,10,7,,,
FL-KM-0414-1,04/14/2023,09/02/2017,F,English,N,Fleet,Khuyen,4,Y,39,CP,5,lion,2,,,,
FL-KM-0414-1,04/14/2023,09/02/2017,F,English,N,Fleet,Khuyen,4,Y,39,CP,6,bunny,3,,,,
FL-J-0414-2,04/14/2023,05/04/2017,F,English,N,Fleet,Khuyen,5,N,48,CP,1,bunny,4,3,,,
FL-J-0414-2,04/14/2023,05/04/2017,F,English,N,Fleet,Khuyen,5,N,48,CP,2,lion,1,,,,
FL-J-0414-2,04/14/2023,05/04/2017,F,English,N,Fleet,Khuyen,5,N,48,CP,3,bunny,7,,,Y,
FL-J-0414-2,04/14/2023,05/04/2017,F,English,N,Fleet,Khuyen,5,N,48,CP,4,lion,3,,,,
FL-J-0414-2,04/14/2023,05/04/2017,F,English,N,Fleet,Khuyen,5,N,48,CP,5,bunny,5,,,,
FL-J-0414-2,04/14/2023,05/04/2017,F,English,N,Fleet,Khuyen,5,N,48,CP,6,lion,6,,,,
FL-K-0414-3,04/14/2023,09/20/2018,F,English,N,Fleet,Elizabeth,6,Y,15,CP,1,lion,5,,,,
FL-K-0414-3,04/14/2023,09/20/2018,F,English,N,Fleet,Elizabeth,6,Y,15,CP,2,lion,2,,,,
FL-K-0414-3,04/14/2023,09/20/2018,F,English,N,Fleet,Elizabeth,6,Y,15,CP,3,bunny,3,,,,
FL-K-0414-3,04/14/2023,09/20/2018,F,English,N,Fleet,Elizabeth,6,Y,15,CP,4,bunny,6,,,,
FL-K-0414-3,04/14/2023,09/20/2018,F,English,N,Fleet,Elizabeth,6,Y,15,CP,5,lion,2,,,,
FL-K-0414-3,04/14/2023,09/20/2018,F,English,N,Fleet,Elizabeth,6,Y,15,CP,6,bunny,7,,,,
FL-C-0414-4,04/14/2023,02/02/2018,M,English,N,Fleet,Elizabeth,3,N,79,CP,1,lion,3,,,,
FL-C-0414-4,04/14/2023,02/02/2018,M,English,N,Fleet,Elizabeth,3,N,79,CP,2,bunny,1,,,,
FL-C-0414-4,04/14/2023,02/02/2018,M,English,N,Fleet,Elizabeth,3,N,79,CP,3,lion,7,,,,
FL-C-0414-4,04/14/2023,02/02/2018,M,English,N,Fleet,Elizabeth,3,N,79,CP,4,bunny,8,,,,
FL-C-0414-4,04/14/2023,02/02/2018,M,English,N,Fleet,Elizabeth,3,N,79,CP,5,lion,1,,,,
FL-C-0414-4,04/14/2023,02/02/2018,M,English,N,Fleet,Elizabeth,3,N,79,CP,6,bunny,6,,,,
FL-H-0414-5,04/14/2023,11/29/2020,M,English,N,Fleet,Elizabeth,3,N,NA,3,1,NA,2,,,,
FL-H-0414-5,04/14/2023,11/29/2020,M,English,N,Fleet,Elizabeth,3,N,NA,3,2,NA,1,,,,
FL-H-0414-5,04/14/2023,11/29/2020,M,English,N,Fleet,Elizabeth,3,N,NA,3,3,NA,5,,,,
FL-H-0414-5,04/14/2023,11/29/2020,M,English,N,Fleet,Elizabeth,3,N,NA,3,4,NA,4,,,,
FL-H-0414-5,04/14/2023,11/29/2020,M,English,N,Fleet,Elizabeth,3,N,NA,3,5,NA,4,,,,
FL-H-0414-5,04/14/2023,11/29/2020,M,English,N,Fleet,Elizabeth,3,N,NA,3,6,NA,7,,,,
FL-A-0418-1,04/18/2023,08/17/2020,F,English,N,Fleet,Khuyen,3,Y,10,3,1,NA,5,,,,
FL-A-0418-1,04/18/2023,08/17/2020,F,English,N,Fleet,Khuyen,3,Y,10,3,2,NA,5,,,,
FL-A-0418-1,04/18/2023,08/17/2020,F,English,N,Fleet,Khuyen,3,Y,10,3,3,NA,5,,,,
FL-A-0418-1,04/18/2023,08/17/2020,F,English,N,Fleet,Khuyen,3,Y,10,3,4,NA,5,,,,
FL-A-0418-1,04/18/2023,08/17/2020,F,English,N,Fleet,Khuyen,3,Y,10,3,5,NA,5,,,,
FL-A-0418-1,04/18/2023,08/17/2020,F,English,N,Fleet,Khuyen,3,Y,10,3,6,NA,5,,,,
FL-F-0428-2,04/28/2023,01/01/2019,M,English,Urdu,Fleet,Khuyen,5,N,NA,3,1,NA,4,,,,
FL-F-0428-2,04/28/2023,01/01/2019,M,English,Urdu,Fleet,Khuyen,5,N,NA,3,2,NA,4,,,,
FL-F-0428-2,04/28/2023,01/01/2019,M,English,Urdu,Fleet,Khuyen,5,N,NA,3,3,NA,6,,,,
FL-F-0428-2,04/28/2023,01/01/2019,M,English,Urdu,Fleet,Khuyen,5,N,NA,3,4,NA,4,,,,
FL-F-0428-2,04/28/2023,01/01/2019,M,English,Urdu,Fleet,Khuyen,5,N,NA,3,5,NA,6,,,,
FL-F-0428-2,04/28/2023,01/01/2019,M,English,Urdu,Fleet,Khuyen,5,N,NA,3,6,NA,6,,,,
FL-SL-0428-3,04/28/2023,02/14/2018,F,English,N,Fleet,Khuyen,5,Y,12,CP,1,lion,1,,,,
FL-SL-0428-3,04/28/2023,02/14/2018,F,English,N,Fleet,Khuyen,5,Y,12,CP,2,lion,1,,,,
FL-SL-0428-3,04/28/2023,02/14/2018,F,English,N,Fleet,Khuyen,5,Y,12,CP,3,bunny,7,,,,
FL-SL-0428-3,04/28/2023,02/14/2018,F,English,N,Fleet,Khuyen,5,Y,12,CP,4,lion,3,,,,
FL-SL-0428-3,04/28/2023,02/14/2018,F,English,N,Fleet,Khuyen,5,Y,12,CP,5,bunny,5,,,,
FL-SL-0428-3,04/28/2023,02/14/2018,F,English,N,Fleet,Khuyen,5,Y,12,CP,6,bunny,7,,,,
FL-VL-0428-4,04/28/2023,02/14/2018,F,English,N,Fleet,Khuyen,4,Y,26,CP,1,bunny,5,6,,,
FL-VL-0428-4,04/28/2023,02/14/2018,F,English,N,Fleet,Khuyen,4,Y,26,CP,2,lion,8,,,,
FL-VL-0428-4,04/28/2023,02/14/2018,F,English,N,Fleet,Khuyen,4,Y,26,CP,3,lion,2,,,,
FL-VL-0428-4,04/28/2023,02/14/2018,F,English,N,Fleet,Khuyen,4,Y,26,CP,4,bunny,8,,,,
FL-VL-0428-4,04/28/2023,02/14/2018,F,English,N,Fleet,Khuyen,4,Y,26,CP,5,bunny,3,,,,
FL-VL-0428-4,04/28/2023,02/14/2018,F,English,N,Fleet,Khuyen,4,Y,26,CP,6,lion,1,,,,
FL-AM-0428-5,04/28/2023,01/23/2021,M,English,Russian,Fleet,Khuyen,3,Y,1,1,1,NA,NA,,,,
FL-AM-0428-5,04/28/2023,01/23/2021,M,English,Russian,Fleet,Khuyen,3,Y,1,1,2,NA,NA,,,,
FL-AM-0428-5,04/28/2023,01/23/2021,M,English,Russian,Fleet,Khuyen,3,Y,1,1,3,NA,NA,,,,
FL-AM-0428-5,04/28/2023,01/23/2021,M,English,Russian,Fleet,Khuyen,3,Y,1,1,4,NA,NA,,,,
FL-AM-0428-5,04/28/2023,01/23/2021,M,English,Russian,Fleet,Khuyen,3,Y,1,1,5,NA,NA,,,,
FL-AM-0428-5,04/28/2023,01/23/2021,M,English,Russian,Fleet,Khuyen,3,Y,1,1,6,NA,NA,,,,
FL-K-0428-7,04/28/2023,04/02/2020,M,English,N,Fleet,Khuyen,1,N,6,3,1,NA,1,,,,
FL-K-0428-7,04/28/2023,04/02/2020,M,English,N,Fleet,Khuyen,1,N,6,3,2,NA,5,,,,
FL-K-0428-7,04/28/2023,04/02/2020,M,English,N,Fleet,Khuyen,1,N,6,3,3,NA,NA,,,,
FL-K-0428-7,04/28/2023,04/02/2020,M,English,N,Fleet,Khuyen,1,N,6,3,4,NA,2,,,,
FL-K-0428-7,04/28/2023,04/02/2020,M,English,N,Fleet,Khuyen,1,N,6,3,5,NA,2,,,,
FL-K-0428-7,04/28/2023,04/02/2020,M,English,N,Fleet,Khuyen,1,N,6,3,6,NA,5,,,,
FL-JH-042901,04/29/2023,07/27/2018,M,English,Mandarin,Fleet,Khuyen,6,Y,11,CP,1,lion,5,,,,
FL-JH-042901,04/29/2023,07/27/2018,M,English,Mandarin,Fleet,Khuyen,6,Y,11,CP,2,lion,2,,,,
FL-JH-042901,04/29/2023,07/27/2018,M,English,Mandarin,Fleet,Khuyen,6,Y,11,CP,3,bunny,3,,,,
FL-JH-042901,04/29/2023,07/27/2018,M,English,Mandarin,Fleet,Khuyen,6,Y,11,CP,4,bunny,6,,,,
FL-JH-042901,04/29/2023,07/27/2018,M,English,Mandarin,Fleet,Khuyen,6,Y,11,CP,5,lion,2,,,,
FL-JH-042901,04/29/2023,07/27/2018,M,English,Mandarin,Fleet,Khuyen,6,Y,11,CP,6,bunny,7,,,,
FL-S-0429-2,04/29/2023,07/19/2020,F,English,"French, Portuguese",Fleet,Khuyen,2,N,3,2,1,both,3,,bunny,,
FL-S-0429-2,04/29/2023,07/19/2020,F,English,"French, Portuguese",Fleet,Khuyen,2,N,3,2,2,both,3,,lion,,
FL-S-0429-2,04/29/2023,07/19/2020,F,English,"French, Portuguese",Fleet,Khuyen,2,N,3,2,3,both,5,,lion,,
FL-S-0429-2,04/29/2023,07/19/2020,F,English,"French, Portuguese",Fleet,Khuyen,2,N,3,2,4,both,5,,bunny,,
FL-S-0429-2,04/29/2023,07/19/2020,F,English,"French, Portuguese",Fleet,Khuyen,2,N,3,2,5,both,5,,lion,,
FL-S-0429-2,04/29/2023,07/19/2020,F,English,"French, Portuguese",Fleet,Khuyen,2,N,3,2,6,both,5,,lion,,
FL-AM-0429-3,04/29/2023,08/13/2017,M,English,N,Fleet,Khuyen,4,Y,11,CP,1,NA,9,,,,
FL-AM-0429-3,04/29/2023,08/13/2017,M,English,N,Fleet,Khuyen,4,Y,11,CP,2,NA,10,,,,
FL-AM-0429-3,04/29/2023,08/13/2017,M,English,N,Fleet,Khuyen,4,Y,11,CP,3,NA,2,,,,
FL-AM-0429-3,04/29/2023,08/13/2017,M,English,N,Fleet,Khuyen,4,Y,11,CP,4,NA,NA,,,,
FL-AM-0429-3,04/29/2023,08/13/2017,M,English,N,Fleet,Khuyen,4,Y,11,CP,5,NA,3,,,,
FL-AM-0429-3,04/29/2023,08/13/2017,M,English,N,Fleet,Khuyen,4,Y,11,CP,6,NA,3,,,,
FL-M-0430-1,04/30/2023,05/11/2019,F,English,N,Fleet,Khuyen,4,Y,12,5,1,bunny,5,,,,
FL-M-0430-1,04/30/2023,05/11/2019,F,English,N,Fleet,Khuyen,4,Y,12,5,2,lion,8,,,,
FL-M-0430-1,04/30/2023,05/11/2019,F,English,N,Fleet,Khuyen,4,Y,12,5,3,lion,2,,,,
FL-M-0430-1,04/30/2023,05/11/2019,F,English,N,Fleet,Khuyen,4,Y,12,5,4,bunny,7,,,,
FL-M-0430-1,04/30/2023,05/11/2019,F,English,N,Fleet,Khuyen,4,Y,12,5,5,bunny,3,,,,
FL-M-0430-1,04/30/2023,05/11/2019,F,English,N,Fleet,Khuyen,4,Y,12,5,6,bunny,3,,,,
FL-OS-0430-4,04/30/2023,02/10/2020,M,English,Spanish,Fleet,Khuyen,2,Y,1,1,1,lion,4,,,,
FL-OS-0430-4,04/30/2023,02/10/2020,M,English,Spanish,Fleet,Khuyen,2,Y,1,1,2,bunny,1,,,,
FL-OS-0430-4,04/30/2023,02/10/2020,M,English,Spanish,Fleet,Khuyen,2,Y,1,1,3,bunny,4,,,,
FL-OS-0430-4,04/30/2023,02/10/2020,M,English,Spanish,Fleet,Khuyen,2,Y,1,1,4,both,4,,bunny,,
FL-OS-0430-4,04/30/2023,02/10/2020,M,English,Spanish,Fleet,Khuyen,2,Y,1,1,5,bunny,5,,,,
FL-OS-0430-4,04/30/2023,02/10/2020,M,English,Spanish,Fleet,Khuyen,2,Y,1,1,6,both,5,,lion,,
FL-PB-0430-7,04/30/2023,03/19/2020,M,English,N,Fleet,Khuyen,6,Y,10,2,1,NA,3,,,,
FL-PB-0430-7,04/30/2023,03/19/2020,M,English,N,Fleet,Khuyen,6,Y,10,2,2,NA,3,,,,
FL-PB-0430-7,04/30/2023,03/19/2020,M,English,N,Fleet,Khuyen,6,Y,10,2,3,NA,3,,,,
FL-PB-0430-7,04/30/2023,03/19/2020,M,English,N,Fleet,Khuyen,6,Y,10,2,4,NA,3,,,,
FL-PB-0430-7,04/30/2023,03/19/2020,M,English,N,Fleet,Khuyen,6,Y,10,2,5,NA,3,,,,
FL-PB-0430-7,04/30/2023,03/19/2020,M,English,N,Fleet,Khuyen,6,Y,10,2,6,NA,3,,,,
FL-C-0430-8,04/30/2023,04/09/2019,M,English,N,Fleet,Khuyen,5,Y,13,3,1,NA,3,,,,
FL-C-0430-8,04/30/2023,04/09/2019,M,English,N,Fleet,Khuyen,5,Y,13,3,2,NA,3,9,,,
FL-C-0430-8,04/30/2023,04/09/2019,M,English,N,Fleet,Khuyen,5,Y,13,3,3,NA,5,9,,,
FL-C-0430-8,04/30/2023,04/09/2019,M,English,N,Fleet,Khuyen,5,Y,13,3,4,NA,NA,,,Y,
FL-C-0430-8,04/30/2023,04/09/2019,M,English,N,Fleet,Khuyen,5,Y,13,3,5,bunny,5,9,,,
FL-C-0430-8,04/30/2023,04/09/2019,M,English,N,Fleet,Khuyen,5,Y,13,3,6,NA,5,9,,,